localhost:8087,127.0.0.1,2018-Feb-08-21-58
localhost:8087,127.0.0.1,2018-Feb-08-21-58
localhost:8087,127.0.0.1,2018-Feb-08-21-58
localhost:8087,127.0.0.1,2018-Feb-08-21-59
localhost:8087,127.0.0.1,2018-Feb-08-21-59
localhost:8087,127.0.0.1,2018-Feb-08-21-59
localhost:8087,127.0.0.1,2018-Feb-08-21-59
www.sociale.life,47.31.248.71,2018-Feb-08-22-01
www.sociale.life,47.31.248.71,2018-Feb-08-22-01
www.sociale.life,47.31.248.71,2018-Feb-08-22-01
www.sociale.life,47.31.248.71,2018-Feb-08-22-02
www.sociale.life,47.31.248.71,2018-Feb-08-22-02
www.sociale.life,47.31.248.71,2018-Feb-08-22-02
www.sociale.life,47.31.248.71,2018-Feb-08-22-02
www.sociale.life,47.31.248.71,2018-Feb-08-22-01
www.sociale.life,47.31.248.71,2018-Feb-08-22-01
www.sociale.life,47.31.248.71,2018-Feb-08-22-01
www.sociale.life,47.31.248.71,2018-Feb-08-22-02
www.sociale.life,47.31.248.71,2018-Feb-08-22-02
www.sociale.life,47.31.248.71,2018-Feb-08-22-02
www.sociale.life,47.31.248.71,2018-Feb-08-22-02
www.sociale.life,66.249.82.71,2018-Feb-08-22-04
www.sociale.life,47.31.248.71,2018-Feb-08-22-01
www.sociale.life,47.31.248.71,2018-Feb-08-22-01
www.sociale.life,47.31.248.71,2018-Feb-08-22-01
www.sociale.life,47.31.248.71,2018-Feb-08-22-02
www.sociale.life,47.31.248.71,2018-Feb-08-22-02
www.sociale.life,47.31.248.71,2018-Feb-08-22-02
www.sociale.life,47.31.248.71,2018-Feb-08-22-02
www.sociale.life,66.249.82.71,2018-Feb-08-22-04
www.sociale.life,47.31.248.71,2018-Feb-08-22-01
www.sociale.life,47.31.248.71,2018-Feb-08-22-01
www.sociale.life,47.31.248.71,2018-Feb-08-22-01
www.sociale.life,47.31.248.71,2018-Feb-08-22-02
www.sociale.life,47.31.248.71,2018-Feb-08-22-02
www.sociale.life,47.31.248.71,2018-Feb-08-22-02
www.sociale.life,47.31.248.71,2018-Feb-08-22-02
www.sociale.life,66.249.82.71,2018-Feb-08-22-04
www.sociale.life,66.249.82.75,2018-Feb-08-22-08
www.sociale.life,47.31.248.71,2018-Feb-08-22-01
www.sociale.life,47.31.248.71,2018-Feb-08-22-01
www.sociale.life,47.31.248.71,2018-Feb-08-22-01
www.sociale.life,47.31.248.71,2018-Feb-08-22-02
www.sociale.life,47.31.248.71,2018-Feb-08-22-02
www.sociale.life,47.31.248.71,2018-Feb-08-22-02
www.sociale.life,47.31.248.71,2018-Feb-08-22-02
www.sociale.life,66.249.82.71,2018-Feb-08-22-04
www.sociale.life,66.249.82.75,2018-Feb-08-22-08
www.sociale.life,66.249.82.71,2018-Feb-08-22-09
www.sociale.life,47.31.248.71,2018-Feb-08-22-01
www.sociale.life,47.31.248.71,2018-Feb-08-22-01
www.sociale.life,47.31.248.71,2018-Feb-08-22-01
www.sociale.life,47.31.248.71,2018-Feb-08-22-02
www.sociale.life,47.31.248.71,2018-Feb-08-22-02
www.sociale.life,47.31.248.71,2018-Feb-08-22-02
www.sociale.life,47.31.248.71,2018-Feb-08-22-02
www.sociale.life,66.249.82.71,2018-Feb-08-22-04
www.sociale.life,66.249.82.75,2018-Feb-08-22-08
www.sociale.life,66.249.82.71,2018-Feb-08-22-09
www.sociale.life,47.31.248.71,2018-Feb-08-22-01
www.sociale.life,47.31.248.71,2018-Feb-08-22-01
www.sociale.life,47.31.248.71,2018-Feb-08-22-01
www.sociale.life,47.31.248.71,2018-Feb-08-22-02
www.sociale.life,47.31.248.71,2018-Feb-08-22-02
www.sociale.life,47.31.248.71,2018-Feb-08-22-02
www.sociale.life,47.31.248.71,2018-Feb-08-22-02
www.sociale.life,66.249.82.71,2018-Feb-08-22-04
www.sociale.life,66.249.82.75,2018-Feb-08-22-08
www.sociale.life,66.249.82.71,2018-Feb-08-22-09
www.sociale.life,47.31.248.71,2018-Feb-08-22-01
www.sociale.life,47.31.248.71,2018-Feb-08-22-01
www.sociale.life,47.31.248.71,2018-Feb-08-22-01
www.sociale.life,47.31.248.71,2018-Feb-08-22-02
www.sociale.life,47.31.248.71,2018-Feb-08-22-02
www.sociale.life,47.31.248.71,2018-Feb-08-22-02
www.sociale.life,47.31.248.71,2018-Feb-08-22-02
www.sociale.life,66.249.82.71,2018-Feb-08-22-04
www.sociale.life,66.249.82.75,2018-Feb-08-22-08
www.sociale.life,66.249.82.71,2018-Feb-08-22-09
www.sociale.life,47.31.248.71,2018-Feb-08-22-01
www.sociale.life,47.31.248.71,2018-Feb-08-22-01
www.sociale.life,47.31.248.71,2018-Feb-08-22-01
www.sociale.life,47.31.248.71,2018-Feb-08-22-02
www.sociale.life,47.31.248.71,2018-Feb-08-22-02
www.sociale.life,47.31.248.71,2018-Feb-08-22-02
www.sociale.life,47.31.248.71,2018-Feb-08-22-02
www.sociale.life,66.249.82.71,2018-Feb-08-22-04
www.sociale.life,66.249.82.75,2018-Feb-08-22-08
www.sociale.life,66.249.82.71,2018-Feb-08-22-09
www.sociale.life,47.31.248.71,2018-Feb-08-22-01
www.sociale.life,47.31.248.71,2018-Feb-08-22-01
www.sociale.life,47.31.248.71,2018-Feb-08-22-01
www.sociale.life,47.31.248.71,2018-Feb-08-22-02
www.sociale.life,47.31.248.71,2018-Feb-08-22-02
www.sociale.life,47.31.248.71,2018-Feb-08-22-02
www.sociale.life,47.31.248.71,2018-Feb-08-22-02
www.sociale.life,66.249.82.71,2018-Feb-08-22-04
www.sociale.life,66.249.82.75,2018-Feb-08-22-08
www.sociale.life,66.249.82.71,2018-Feb-08-22-09
www.sociale.life,47.31.248.71,2018-Feb-08-22-01
www.sociale.life,47.31.248.71,2018-Feb-08-22-01
www.sociale.life,47.31.248.71,2018-Feb-08-22-01
www.sociale.life,47.31.248.71,2018-Feb-08-22-02
www.sociale.life,47.31.248.71,2018-Feb-08-22-02
www.sociale.life,47.31.248.71,2018-Feb-08-22-02
www.sociale.life,47.31.248.71,2018-Feb-08-22-02
www.sociale.life,66.249.82.71,2018-Feb-08-22-04
www.sociale.life,66.249.82.75,2018-Feb-08-22-08
www.sociale.life,66.249.82.71,2018-Feb-08-22-09
www.sociale.life,47.31.248.71,2018-Feb-08-22-01
www.sociale.life,47.31.248.71,2018-Feb-08-22-01
www.sociale.life,47.31.248.71,2018-Feb-08-22-01
www.sociale.life,47.31.248.71,2018-Feb-08-22-02
www.sociale.life,47.31.248.71,2018-Feb-08-22-02
www.sociale.life,47.31.248.71,2018-Feb-08-22-02
www.sociale.life,47.31.248.71,2018-Feb-08-22-02
www.sociale.life,66.249.82.71,2018-Feb-08-22-04
www.sociale.life,66.249.82.75,2018-Feb-08-22-08
www.sociale.life,66.249.82.71,2018-Feb-08-22-09
www.sociale.life,47.31.248.71,2018-Feb-08-22-01
www.sociale.life,47.31.248.71,2018-Feb-08-22-01
www.sociale.life,47.31.248.71,2018-Feb-08-22-01
www.sociale.life,47.31.248.71,2018-Feb-08-22-02
www.sociale.life,47.31.248.71,2018-Feb-08-22-02
www.sociale.life,47.31.248.71,2018-Feb-08-22-02
www.sociale.life,47.31.248.71,2018-Feb-08-22-02
www.sociale.life,66.249.82.71,2018-Feb-08-22-04
www.sociale.life,66.249.82.75,2018-Feb-08-22-08
www.sociale.life,66.249.82.71,2018-Feb-08-22-09
www.sociale.life,47.31.248.71,2018-Feb-08-22-01
www.sociale.life,47.31.248.71,2018-Feb-08-22-01
www.sociale.life,47.31.248.71,2018-Feb-08-22-01
www.sociale.life,47.31.248.71,2018-Feb-08-22-02
www.sociale.life,47.31.248.71,2018-Feb-08-22-02
www.sociale.life,47.31.248.71,2018-Feb-08-22-02
www.sociale.life,47.31.248.71,2018-Feb-08-22-02
www.sociale.life,66.249.82.71,2018-Feb-08-22-04
www.sociale.life,66.249.82.75,2018-Feb-08-22-08
www.sociale.life,66.249.82.71,2018-Feb-08-22-09
www.sociale.life,47.31.248.71,2018-Feb-08-22-01
www.sociale.life,47.31.248.71,2018-Feb-08-22-01
www.sociale.life,47.31.248.71,2018-Feb-08-22-01
www.sociale.life,47.31.248.71,2018-Feb-08-22-02
www.sociale.life,47.31.248.71,2018-Feb-08-22-02
www.sociale.life,47.31.248.71,2018-Feb-08-22-02
www.sociale.life,47.31.248.71,2018-Feb-08-22-02
www.sociale.life,66.249.82.71,2018-Feb-08-22-04
www.sociale.life,66.249.82.75,2018-Feb-08-22-08
www.sociale.life,66.249.82.71,2018-Feb-08-22-09
www.sociale.life,47.31.248.71,2018-Feb-08-22-01
www.sociale.life,47.31.248.71,2018-Feb-08-22-01
www.sociale.life,47.31.248.71,2018-Feb-08-22-01
www.sociale.life,47.31.248.71,2018-Feb-08-22-02
www.sociale.life,47.31.248.71,2018-Feb-08-22-02
www.sociale.life,47.31.248.71,2018-Feb-08-22-02
www.sociale.life,47.31.248.71,2018-Feb-08-22-02
www.sociale.life,66.249.82.71,2018-Feb-08-22-04
www.sociale.life,66.249.82.75,2018-Feb-08-22-08
www.sociale.life,66.249.82.71,2018-Feb-08-22-09
www.sociale.life,47.31.248.71,2018-Feb-08-22-01
www.sociale.life,47.31.248.71,2018-Feb-08-22-01
www.sociale.life,47.31.248.71,2018-Feb-08-22-01
www.sociale.life,47.31.248.71,2018-Feb-08-22-02
www.sociale.life,47.31.248.71,2018-Feb-08-22-02
www.sociale.life,47.31.248.71,2018-Feb-08-22-02
www.sociale.life,47.31.248.71,2018-Feb-08-22-02
www.sociale.life,66.249.82.71,2018-Feb-08-22-04
www.sociale.life,66.249.82.75,2018-Feb-08-22-08
www.sociale.life,66.249.82.71,2018-Feb-08-22-09
www.sociale.life,47.31.248.71,2018-Feb-08-22-01
www.sociale.life,47.31.248.71,2018-Feb-08-22-01
www.sociale.life,47.31.248.71,2018-Feb-08-22-01
www.sociale.life,47.31.248.71,2018-Feb-08-22-02
www.sociale.life,47.31.248.71,2018-Feb-08-22-02
www.sociale.life,47.31.248.71,2018-Feb-08-22-02
www.sociale.life,47.31.248.71,2018-Feb-08-22-02
www.sociale.life,66.249.82.71,2018-Feb-08-22-04
www.sociale.life,66.249.82.75,2018-Feb-08-22-08
www.sociale.life,66.249.82.71,2018-Feb-08-22-09
www.sociale.life,47.31.248.71,2018-Feb-08-22-01
www.sociale.life,47.31.248.71,2018-Feb-08-22-01
www.sociale.life,47.31.248.71,2018-Feb-08-22-01
www.sociale.life,47.31.248.71,2018-Feb-08-22-02
www.sociale.life,47.31.248.71,2018-Feb-08-22-02
www.sociale.life,47.31.248.71,2018-Feb-08-22-02
www.sociale.life,47.31.248.71,2018-Feb-08-22-02
www.sociale.life,66.249.82.71,2018-Feb-08-22-04
www.sociale.life,66.249.82.75,2018-Feb-08-22-08
www.sociale.life,66.249.82.71,2018-Feb-08-22-09
www.sociale.life,47.31.248.71,2018-Feb-08-22-01
www.sociale.life,47.31.248.71,2018-Feb-08-22-01
www.sociale.life,47.31.248.71,2018-Feb-08-22-01
www.sociale.life,47.31.248.71,2018-Feb-08-22-02
www.sociale.life,47.31.248.71,2018-Feb-08-22-02
www.sociale.life,47.31.248.71,2018-Feb-08-22-02
www.sociale.life,47.31.248.71,2018-Feb-08-22-02
www.sociale.life,66.249.82.71,2018-Feb-08-22-04
www.sociale.life,66.249.82.75,2018-Feb-08-22-08
www.sociale.life,66.249.82.71,2018-Feb-08-22-09
www.sociale.life,47.31.248.71,2018-Feb-08-22-01
www.sociale.life,47.31.248.71,2018-Feb-08-22-01
www.sociale.life,47.31.248.71,2018-Feb-08-22-01
www.sociale.life,47.31.248.71,2018-Feb-08-22-02
www.sociale.life,47.31.248.71,2018-Feb-08-22-02
www.sociale.life,47.31.248.71,2018-Feb-08-22-02
www.sociale.life,47.31.248.71,2018-Feb-08-22-02
www.sociale.life,66.249.82.71,2018-Feb-08-22-04
www.sociale.life,66.249.82.75,2018-Feb-08-22-08
www.sociale.life,66.249.82.71,2018-Feb-08-22-09
www.sociale.life,47.31.248.71,2018-Feb-08-22-01
www.sociale.life,47.31.248.71,2018-Feb-08-22-01
www.sociale.life,47.31.248.71,2018-Feb-08-22-01
www.sociale.life,47.31.248.71,2018-Feb-08-22-02
www.sociale.life,47.31.248.71,2018-Feb-08-22-02
www.sociale.life,47.31.248.71,2018-Feb-08-22-02
www.sociale.life,47.31.248.71,2018-Feb-08-22-02
www.sociale.life,66.249.82.71,2018-Feb-08-22-04
www.sociale.life,66.249.82.75,2018-Feb-08-22-08
www.sociale.life,66.249.82.71,2018-Feb-08-22-09
www.sociale.life,47.31.248.71,2018-Feb-08-22-01
www.sociale.life,47.31.248.71,2018-Feb-08-22-01
www.sociale.life,47.31.248.71,2018-Feb-08-22-01
www.sociale.life,47.31.248.71,2018-Feb-08-22-02
www.sociale.life,47.31.248.71,2018-Feb-08-22-02
www.sociale.life,47.31.248.71,2018-Feb-08-22-02
www.sociale.life,47.31.248.71,2018-Feb-08-22-02
www.sociale.life,66.249.82.71,2018-Feb-08-22-04
www.sociale.life,66.249.82.75,2018-Feb-08-22-08
www.sociale.life,66.249.82.71,2018-Feb-08-22-09
www.sociale.life,47.31.248.71,2018-Feb-08-22-01
www.sociale.life,47.31.248.71,2018-Feb-08-22-01
www.sociale.life,47.31.248.71,2018-Feb-08-22-01
www.sociale.life,47.31.248.71,2018-Feb-08-22-02
www.sociale.life,47.31.248.71,2018-Feb-08-22-02
www.sociale.life,47.31.248.71,2018-Feb-08-22-02
www.sociale.life,47.31.248.71,2018-Feb-08-22-02
www.sociale.life,66.249.82.71,2018-Feb-08-22-04
www.sociale.life,66.249.82.75,2018-Feb-08-22-08
www.sociale.life,66.249.82.71,2018-Feb-08-22-09
www.sociale.life,47.31.248.71,2018-Feb-08-22-01
www.sociale.life,47.31.248.71,2018-Feb-08-22-01
www.sociale.life,47.31.248.71,2018-Feb-08-22-01
www.sociale.life,47.31.248.71,2018-Feb-08-22-02
www.sociale.life,47.31.248.71,2018-Feb-08-22-02
www.sociale.life,47.31.248.71,2018-Feb-08-22-02
www.sociale.life,47.31.248.71,2018-Feb-08-22-02
www.sociale.life,66.249.82.71,2018-Feb-08-22-04
www.sociale.life,66.249.82.75,2018-Feb-08-22-08
www.sociale.life,66.249.82.71,2018-Feb-08-22-09
www.sociale.life,47.31.248.71,2018-Feb-08-22-01
www.sociale.life,47.31.248.71,2018-Feb-08-22-01
www.sociale.life,47.31.248.71,2018-Feb-08-22-01
www.sociale.life,47.31.248.71,2018-Feb-08-22-02
www.sociale.life,47.31.248.71,2018-Feb-08-22-02
www.sociale.life,47.31.248.71,2018-Feb-08-22-02
www.sociale.life,47.31.248.71,2018-Feb-08-22-02
www.sociale.life,66.249.82.71,2018-Feb-08-22-04
www.sociale.life,66.249.82.75,2018-Feb-08-22-08
www.sociale.life,66.249.82.71,2018-Feb-08-22-09
www.sociale.life,47.31.248.71,2018-Feb-08-22-01
www.sociale.life,47.31.248.71,2018-Feb-08-22-01
www.sociale.life,47.31.248.71,2018-Feb-08-22-01
www.sociale.life,47.31.248.71,2018-Feb-08-22-02
www.sociale.life,47.31.248.71,2018-Feb-08-22-02
www.sociale.life,47.31.248.71,2018-Feb-08-22-02
www.sociale.life,47.31.248.71,2018-Feb-08-22-02
www.sociale.life,66.249.82.71,2018-Feb-08-22-04
www.sociale.life,66.249.82.75,2018-Feb-08-22-08
www.sociale.life,66.249.82.71,2018-Feb-08-22-09
www.sociale.life,47.31.248.71,2018-Feb-08-22-01
www.sociale.life,47.31.248.71,2018-Feb-08-22-01
www.sociale.life,47.31.248.71,2018-Feb-08-22-01
www.sociale.life,47.31.248.71,2018-Feb-08-22-02
www.sociale.life,47.31.248.71,2018-Feb-08-22-02
www.sociale.life,47.31.248.71,2018-Feb-08-22-02
www.sociale.life,47.31.248.71,2018-Feb-08-22-02
www.sociale.life,66.249.82.71,2018-Feb-08-22-04
www.sociale.life,66.249.82.75,2018-Feb-08-22-08
www.sociale.life,66.249.82.71,2018-Feb-08-22-09
www.sociale.life,47.31.248.71,2018-Feb-08-22-01
www.sociale.life,47.31.248.71,2018-Feb-08-22-01
www.sociale.life,47.31.248.71,2018-Feb-08-22-01
www.sociale.life,47.31.248.71,2018-Feb-08-22-02
www.sociale.life,47.31.248.71,2018-Feb-08-22-02
www.sociale.life,47.31.248.71,2018-Feb-08-22-02
www.sociale.life,47.31.248.71,2018-Feb-08-22-02
www.sociale.life,66.249.82.71,2018-Feb-08-22-04
www.sociale.life,66.249.82.75,2018-Feb-08-22-08
www.sociale.life,66.249.82.71,2018-Feb-08-22-09
www.sociale.life,47.31.248.71,2018-Feb-08-22-01
www.sociale.life,47.31.248.71,2018-Feb-08-22-01
www.sociale.life,47.31.248.71,2018-Feb-08-22-01
www.sociale.life,47.31.248.71,2018-Feb-08-22-02
www.sociale.life,47.31.248.71,2018-Feb-08-22-02
www.sociale.life,47.31.248.71,2018-Feb-08-22-02
www.sociale.life,47.31.248.71,2018-Feb-08-22-02
www.sociale.life,66.249.82.71,2018-Feb-08-22-04
www.sociale.life,66.249.82.75,2018-Feb-08-22-08
www.sociale.life,66.249.82.71,2018-Feb-08-22-09
www.sociale.life,47.31.248.71,2018-Feb-08-22-01
www.sociale.life,47.31.248.71,2018-Feb-08-22-01
www.sociale.life,47.31.248.71,2018-Feb-08-22-01
www.sociale.life,47.31.248.71,2018-Feb-08-22-02
www.sociale.life,47.31.248.71,2018-Feb-08-22-02
www.sociale.life,47.31.248.71,2018-Feb-08-22-02
www.sociale.life,47.31.248.71,2018-Feb-08-22-02
www.sociale.life,66.249.82.71,2018-Feb-08-22-04
www.sociale.life,66.249.82.75,2018-Feb-08-22-08
www.sociale.life,66.249.82.71,2018-Feb-08-22-09
www.sociale.life,47.31.248.71,2018-Feb-08-22-01
www.sociale.life,47.31.248.71,2018-Feb-08-22-01
www.sociale.life,47.31.248.71,2018-Feb-08-22-01
www.sociale.life,47.31.248.71,2018-Feb-08-22-02
www.sociale.life,47.31.248.71,2018-Feb-08-22-02
www.sociale.life,47.31.248.71,2018-Feb-08-22-02
www.sociale.life,47.31.248.71,2018-Feb-08-22-02
www.sociale.life,66.249.82.71,2018-Feb-08-22-04
www.sociale.life,66.249.82.75,2018-Feb-08-22-08
www.sociale.life,66.249.82.71,2018-Feb-08-22-09
www.sociale.life,47.31.248.71,2018-Feb-08-22-01
www.sociale.life,47.31.248.71,2018-Feb-08-22-01
www.sociale.life,47.31.248.71,2018-Feb-08-22-01
www.sociale.life,47.31.248.71,2018-Feb-08-22-02
www.sociale.life,47.31.248.71,2018-Feb-08-22-02
www.sociale.life,47.31.248.71,2018-Feb-08-22-02
www.sociale.life,47.31.248.71,2018-Feb-08-22-02
www.sociale.life,66.249.82.71,2018-Feb-08-22-04
www.sociale.life,66.249.82.75,2018-Feb-08-22-08
www.sociale.life,66.249.82.71,2018-Feb-08-22-09
www.sociale.life,47.31.248.71,2018-Feb-08-22-01
www.sociale.life,47.31.248.71,2018-Feb-08-22-01
www.sociale.life,47.31.248.71,2018-Feb-08-22-01
www.sociale.life,47.31.248.71,2018-Feb-08-22-02
www.sociale.life,47.31.248.71,2018-Feb-08-22-02
www.sociale.life,47.31.248.71,2018-Feb-08-22-02
www.sociale.life,47.31.248.71,2018-Feb-08-22-02
www.sociale.life,66.249.82.71,2018-Feb-08-22-04
www.sociale.life,66.249.82.75,2018-Feb-08-22-08
www.sociale.life,66.249.82.71,2018-Feb-08-22-09
www.sociale.life,47.31.248.71,2018-Feb-08-22-01
www.sociale.life,47.31.248.71,2018-Feb-08-22-01
www.sociale.life,47.31.248.71,2018-Feb-08-22-01
www.sociale.life,47.31.248.71,2018-Feb-08-22-02
www.sociale.life,47.31.248.71,2018-Feb-08-22-02
www.sociale.life,47.31.248.71,2018-Feb-08-22-02
www.sociale.life,47.31.248.71,2018-Feb-08-22-02
www.sociale.life,66.249.82.71,2018-Feb-08-22-04
www.sociale.life,66.249.82.75,2018-Feb-08-22-08
www.sociale.life,66.249.82.71,2018-Feb-08-22-09
www.sociale.life,47.31.248.71,2018-Feb-08-22-01
www.sociale.life,47.31.248.71,2018-Feb-08-22-01
www.sociale.life,47.31.248.71,2018-Feb-08-22-01
www.sociale.life,47.31.248.71,2018-Feb-08-22-02
www.sociale.life,47.31.248.71,2018-Feb-08-22-02
www.sociale.life,47.31.248.71,2018-Feb-08-22-02
www.sociale.life,47.31.248.71,2018-Feb-08-22-02
www.sociale.life,66.249.82.71,2018-Feb-08-22-04
www.sociale.life,66.249.82.75,2018-Feb-08-22-08
www.sociale.life,66.249.82.71,2018-Feb-08-22-09
www.sociale.life,47.31.248.71,2018-Feb-08-22-01
www.sociale.life,47.31.248.71,2018-Feb-08-22-01
www.sociale.life,47.31.248.71,2018-Feb-08-22-01
www.sociale.life,47.31.248.71,2018-Feb-08-22-02
www.sociale.life,47.31.248.71,2018-Feb-08-22-02
www.sociale.life,47.31.248.71,2018-Feb-08-22-02
www.sociale.life,47.31.248.71,2018-Feb-08-22-02
www.sociale.life,66.249.82.71,2018-Feb-08-22-04
www.sociale.life,66.249.82.75,2018-Feb-08-22-08
www.sociale.life,66.249.82.71,2018-Feb-08-22-09
www.sociale.life,47.31.248.71,2018-Feb-08-22-01
www.sociale.life,47.31.248.71,2018-Feb-08-22-01
www.sociale.life,47.31.248.71,2018-Feb-08-22-01
www.sociale.life,47.31.248.71,2018-Feb-08-22-02
www.sociale.life,47.31.248.71,2018-Feb-08-22-02
www.sociale.life,47.31.248.71,2018-Feb-08-22-02
www.sociale.life,47.31.248.71,2018-Feb-08-22-02
www.sociale.life,66.249.82.71,2018-Feb-08-22-04
www.sociale.life,66.249.82.75,2018-Feb-08-22-08
www.sociale.life,66.249.82.71,2018-Feb-08-22-09
www.sociale.life,47.31.248.71,2018-Feb-08-22-01
www.sociale.life,47.31.248.71,2018-Feb-08-22-01
www.sociale.life,47.31.248.71,2018-Feb-08-22-01
www.sociale.life,47.31.248.71,2018-Feb-08-22-02
www.sociale.life,47.31.248.71,2018-Feb-08-22-02
www.sociale.life,47.31.248.71,2018-Feb-08-22-02
www.sociale.life,47.31.248.71,2018-Feb-08-22-02
www.sociale.life,66.249.82.71,2018-Feb-08-22-04
www.sociale.life,66.249.82.75,2018-Feb-08-22-08
www.sociale.life,66.249.82.71,2018-Feb-08-22-09
www.sociale.life,47.31.248.71,2018-Feb-08-22-01
www.sociale.life,47.31.248.71,2018-Feb-08-22-01
www.sociale.life,47.31.248.71,2018-Feb-08-22-01
www.sociale.life,47.31.248.71,2018-Feb-08-22-02
www.sociale.life,47.31.248.71,2018-Feb-08-22-02
www.sociale.life,47.31.248.71,2018-Feb-08-22-02
www.sociale.life,47.31.248.71,2018-Feb-08-22-02
www.sociale.life,66.249.82.71,2018-Feb-08-22-04
www.sociale.life,66.249.82.75,2018-Feb-08-22-08
www.sociale.life,66.249.82.71,2018-Feb-08-22-09
www.sociale.life,47.31.248.71,2018-Feb-08-22-01
www.sociale.life,47.31.248.71,2018-Feb-08-22-01
www.sociale.life,47.31.248.71,2018-Feb-08-22-01
www.sociale.life,47.31.248.71,2018-Feb-08-22-02
www.sociale.life,47.31.248.71,2018-Feb-08-22-02
www.sociale.life,47.31.248.71,2018-Feb-08-22-02
www.sociale.life,47.31.248.71,2018-Feb-08-22-02
www.sociale.life,66.249.82.71,2018-Feb-08-22-04
www.sociale.life,66.249.82.75,2018-Feb-08-22-08
www.sociale.life,66.249.82.71,2018-Feb-08-22-09
www.sociale.life,47.31.248.71,2018-Feb-08-22-01
www.sociale.life,47.31.248.71,2018-Feb-08-22-01
www.sociale.life,47.31.248.71,2018-Feb-08-22-01
www.sociale.life,47.31.248.71,2018-Feb-08-22-02
www.sociale.life,47.31.248.71,2018-Feb-08-22-02
www.sociale.life,47.31.248.71,2018-Feb-08-22-02
www.sociale.life,47.31.248.71,2018-Feb-08-22-02
www.sociale.life,66.249.82.71,2018-Feb-08-22-04
www.sociale.life,66.249.82.75,2018-Feb-08-22-08
www.sociale.life,66.249.82.71,2018-Feb-08-22-09
www.sociale.life,47.31.248.71,2018-Feb-08-22-01
www.sociale.life,47.31.248.71,2018-Feb-08-22-01
www.sociale.life,47.31.248.71,2018-Feb-08-22-01
www.sociale.life,47.31.248.71,2018-Feb-08-22-02
www.sociale.life,47.31.248.71,2018-Feb-08-22-02
www.sociale.life,47.31.248.71,2018-Feb-08-22-02
www.sociale.life,47.31.248.71,2018-Feb-08-22-02
www.sociale.life,66.249.82.71,2018-Feb-08-22-04
www.sociale.life,66.249.82.75,2018-Feb-08-22-08
www.sociale.life,66.249.82.71,2018-Feb-08-22-09
www.sociale.life,47.31.248.71,2018-Feb-08-22-01
www.sociale.life,47.31.248.71,2018-Feb-08-22-01
www.sociale.life,47.31.248.71,2018-Feb-08-22-01
www.sociale.life,47.31.248.71,2018-Feb-08-22-02
www.sociale.life,47.31.248.71,2018-Feb-08-22-02
www.sociale.life,47.31.248.71,2018-Feb-08-22-02
www.sociale.life,47.31.248.71,2018-Feb-08-22-02
www.sociale.life,66.249.82.71,2018-Feb-08-22-04
www.sociale.life,66.249.82.75,2018-Feb-08-22-08
www.sociale.life,66.249.82.71,2018-Feb-08-22-09
www.sociale.life,47.31.248.71,2018-Feb-08-22-01
www.sociale.life,47.31.248.71,2018-Feb-08-22-01
www.sociale.life,47.31.248.71,2018-Feb-08-22-01
www.sociale.life,47.31.248.71,2018-Feb-08-22-02
www.sociale.life,47.31.248.71,2018-Feb-08-22-02
www.sociale.life,47.31.248.71,2018-Feb-08-22-02
www.sociale.life,47.31.248.71,2018-Feb-08-22-02
www.sociale.life,66.249.82.71,2018-Feb-08-22-04
www.sociale.life,66.249.82.75,2018-Feb-08-22-08
www.sociale.life,66.249.82.71,2018-Feb-08-22-09
www.sociale.life,47.31.248.71,2018-Feb-08-22-01
www.sociale.life,47.31.248.71,2018-Feb-08-22-01
www.sociale.life,47.31.248.71,2018-Feb-08-22-01
www.sociale.life,47.31.248.71,2018-Feb-08-22-02
www.sociale.life,47.31.248.71,2018-Feb-08-22-02
www.sociale.life,47.31.248.71,2018-Feb-08-22-02
www.sociale.life,47.31.248.71,2018-Feb-08-22-02
www.sociale.life,66.249.82.71,2018-Feb-08-22-04
www.sociale.life,66.249.82.75,2018-Feb-08-22-08
www.sociale.life,66.249.82.71,2018-Feb-08-22-09
www.sociale.life,47.31.248.71,2018-Feb-08-22-01
www.sociale.life,47.31.248.71,2018-Feb-08-22-01
www.sociale.life,47.31.248.71,2018-Feb-08-22-01
www.sociale.life,47.31.248.71,2018-Feb-08-22-02
www.sociale.life,47.31.248.71,2018-Feb-08-22-02
www.sociale.life,47.31.248.71,2018-Feb-08-22-02
www.sociale.life,47.31.248.71,2018-Feb-08-22-02
www.sociale.life,66.249.82.71,2018-Feb-08-22-04
www.sociale.life,66.249.82.75,2018-Feb-08-22-08
www.sociale.life,66.249.82.71,2018-Feb-08-22-09
www.sociale.life,47.31.248.71,2018-Feb-08-22-01
www.sociale.life,47.31.248.71,2018-Feb-08-22-01
www.sociale.life,47.31.248.71,2018-Feb-08-22-01
www.sociale.life,47.31.248.71,2018-Feb-08-22-02
www.sociale.life,47.31.248.71,2018-Feb-08-22-02
www.sociale.life,47.31.248.71,2018-Feb-08-22-02
www.sociale.life,47.31.248.71,2018-Feb-08-22-02
www.sociale.life,66.249.82.71,2018-Feb-08-22-04
www.sociale.life,66.249.82.75,2018-Feb-08-22-08
www.sociale.life,66.249.82.71,2018-Feb-08-22-09
www.sociale.life,47.31.248.71,2018-Feb-08-22-01
www.sociale.life,47.31.248.71,2018-Feb-08-22-01
www.sociale.life,47.31.248.71,2018-Feb-08-22-01
www.sociale.life,47.31.248.71,2018-Feb-08-22-02
www.sociale.life,47.31.248.71,2018-Feb-08-22-02
www.sociale.life,47.31.248.71,2018-Feb-08-22-02
www.sociale.life,47.31.248.71,2018-Feb-08-22-02
www.sociale.life,66.249.82.71,2018-Feb-08-22-04
www.sociale.life,66.249.82.75,2018-Feb-08-22-08
www.sociale.life,66.249.82.71,2018-Feb-08-22-09
www.sociale.life,47.31.248.71,2018-Feb-08-22-01
www.sociale.life,47.31.248.71,2018-Feb-08-22-01
www.sociale.life,47.31.248.71,2018-Feb-08-22-01
www.sociale.life,47.31.248.71,2018-Feb-08-22-02
www.sociale.life,47.31.248.71,2018-Feb-08-22-02
www.sociale.life,47.31.248.71,2018-Feb-08-22-02
www.sociale.life,47.31.248.71,2018-Feb-08-22-02
www.sociale.life,66.249.82.71,2018-Feb-08-22-04
www.sociale.life,66.249.82.75,2018-Feb-08-22-08
www.sociale.life,66.249.82.71,2018-Feb-08-22-09
www.sociale.life,47.31.248.71,2018-Feb-08-22-01
www.sociale.life,47.31.248.71,2018-Feb-08-22-01
www.sociale.life,47.31.248.71,2018-Feb-08-22-01
www.sociale.life,47.31.248.71,2018-Feb-08-22-02
www.sociale.life,47.31.248.71,2018-Feb-08-22-02
www.sociale.life,47.31.248.71,2018-Feb-08-22-02
www.sociale.life,47.31.248.71,2018-Feb-08-22-02
www.sociale.life,66.249.82.71,2018-Feb-08-22-04
www.sociale.life,66.249.82.75,2018-Feb-08-22-08
www.sociale.life,66.249.82.71,2018-Feb-08-22-09
www.sociale.life,47.31.248.71,2018-Feb-08-22-01
www.sociale.life,47.31.248.71,2018-Feb-08-22-01
www.sociale.life,47.31.248.71,2018-Feb-08-22-01
www.sociale.life,47.31.248.71,2018-Feb-08-22-02
www.sociale.life,47.31.248.71,2018-Feb-08-22-02
www.sociale.life,47.31.248.71,2018-Feb-08-22-02
www.sociale.life,47.31.248.71,2018-Feb-08-22-02
www.sociale.life,66.249.82.71,2018-Feb-08-22-04
www.sociale.life,66.249.82.75,2018-Feb-08-22-08
www.sociale.life,66.249.82.71,2018-Feb-08-22-09
www.sociale.life,47.31.248.71,2018-Feb-08-22-01
www.sociale.life,47.31.248.71,2018-Feb-08-22-01
www.sociale.life,47.31.248.71,2018-Feb-08-22-01
www.sociale.life,47.31.248.71,2018-Feb-08-22-02
www.sociale.life,47.31.248.71,2018-Feb-08-22-02
www.sociale.life,47.31.248.71,2018-Feb-08-22-02
www.sociale.life,47.31.248.71,2018-Feb-08-22-02
www.sociale.life,66.249.82.71,2018-Feb-08-22-04
www.sociale.life,66.249.82.75,2018-Feb-08-22-08
www.sociale.life,66.249.82.71,2018-Feb-08-22-09
www.sociale.life,47.31.248.71,2018-Feb-08-22-01
www.sociale.life,47.31.248.71,2018-Feb-08-22-01
www.sociale.life,47.31.248.71,2018-Feb-08-22-01
www.sociale.life,47.31.248.71,2018-Feb-08-22-02
www.sociale.life,47.31.248.71,2018-Feb-08-22-02
www.sociale.life,47.31.248.71,2018-Feb-08-22-02
www.sociale.life,47.31.248.71,2018-Feb-08-22-02
www.sociale.life,66.249.82.71,2018-Feb-08-22-04
www.sociale.life,66.249.82.75,2018-Feb-08-22-08
www.sociale.life,66.249.82.71,2018-Feb-08-22-09
www.sociale.life,47.31.248.71,2018-Feb-08-22-01
www.sociale.life,47.31.248.71,2018-Feb-08-22-01
www.sociale.life,47.31.248.71,2018-Feb-08-22-01
www.sociale.life,47.31.248.71,2018-Feb-08-22-02
www.sociale.life,47.31.248.71,2018-Feb-08-22-02
www.sociale.life,47.31.248.71,2018-Feb-08-22-02
www.sociale.life,47.31.248.71,2018-Feb-08-22-02
www.sociale.life,66.249.82.71,2018-Feb-08-22-04
www.sociale.life,66.249.82.75,2018-Feb-08-22-08
www.sociale.life,66.249.82.71,2018-Feb-08-22-09
www.sociale.life,47.31.248.71,2018-Feb-08-22-01
www.sociale.life,47.31.248.71,2018-Feb-08-22-01
www.sociale.life,47.31.248.71,2018-Feb-08-22-01
www.sociale.life,47.31.248.71,2018-Feb-08-22-02
www.sociale.life,47.31.248.71,2018-Feb-08-22-02
www.sociale.life,47.31.248.71,2018-Feb-08-22-02
www.sociale.life,47.31.248.71,2018-Feb-08-22-02
www.sociale.life,66.249.82.71,2018-Feb-08-22-04
www.sociale.life,66.249.82.75,2018-Feb-08-22-08
www.sociale.life,66.249.82.71,2018-Feb-08-22-09
www.sociale.life,47.31.248.71,2018-Feb-08-22-01
www.sociale.life,47.31.248.71,2018-Feb-08-22-01
www.sociale.life,47.31.248.71,2018-Feb-08-22-01
www.sociale.life,47.31.248.71,2018-Feb-08-22-02
www.sociale.life,47.31.248.71,2018-Feb-08-22-02
www.sociale.life,47.31.248.71,2018-Feb-08-22-02
www.sociale.life,47.31.248.71,2018-Feb-08-22-02
www.sociale.life,66.249.82.71,2018-Feb-08-22-04
www.sociale.life,66.249.82.75,2018-Feb-08-22-08
www.sociale.life,66.249.82.71,2018-Feb-08-22-09
www.sociale.life,47.31.248.71,2018-Feb-08-22-01
www.sociale.life,47.31.248.71,2018-Feb-08-22-01
www.sociale.life,47.31.248.71,2018-Feb-08-22-01
www.sociale.life,47.31.248.71,2018-Feb-08-22-02
www.sociale.life,47.31.248.71,2018-Feb-08-22-02
www.sociale.life,47.31.248.71,2018-Feb-08-22-02
www.sociale.life,47.31.248.71,2018-Feb-08-22-02
www.sociale.life,66.249.82.71,2018-Feb-08-22-04
www.sociale.life,66.249.82.75,2018-Feb-08-22-08
www.sociale.life,66.249.82.71,2018-Feb-08-22-09
www.sociale.life,47.31.248.71,2018-Feb-08-22-01
www.sociale.life,47.31.248.71,2018-Feb-08-22-01
www.sociale.life,47.31.248.71,2018-Feb-08-22-01
www.sociale.life,47.31.248.71,2018-Feb-08-22-02
www.sociale.life,47.31.248.71,2018-Feb-08-22-02
www.sociale.life,47.31.248.71,2018-Feb-08-22-02
www.sociale.life,47.31.248.71,2018-Feb-08-22-02
www.sociale.life,66.249.82.71,2018-Feb-08-22-04
www.sociale.life,66.249.82.75,2018-Feb-08-22-08
www.sociale.life,66.249.82.71,2018-Feb-08-22-09
www.sociale.life,47.31.248.71,2018-Feb-08-22-01
www.sociale.life,47.31.248.71,2018-Feb-08-22-01
www.sociale.life,47.31.248.71,2018-Feb-08-22-01
www.sociale.life,47.31.248.71,2018-Feb-08-22-02
www.sociale.life,47.31.248.71,2018-Feb-08-22-02
www.sociale.life,47.31.248.71,2018-Feb-08-22-02
www.sociale.life,47.31.248.71,2018-Feb-08-22-02
www.sociale.life,66.249.82.71,2018-Feb-08-22-04
www.sociale.life,66.249.82.75,2018-Feb-08-22-08
www.sociale.life,66.249.82.71,2018-Feb-08-22-09
www.sociale.life,47.31.248.71,2018-Feb-08-22-01
www.sociale.life,47.31.248.71,2018-Feb-08-22-01
www.sociale.life,47.31.248.71,2018-Feb-08-22-01
www.sociale.life,47.31.248.71,2018-Feb-08-22-02
www.sociale.life,47.31.248.71,2018-Feb-08-22-02
www.sociale.life,47.31.248.71,2018-Feb-08-22-02
www.sociale.life,47.31.248.71,2018-Feb-08-22-02
www.sociale.life,66.249.82.71,2018-Feb-08-22-04
www.sociale.life,66.249.82.75,2018-Feb-08-22-08
www.sociale.life,66.249.82.71,2018-Feb-08-22-09
www.sociale.life,47.31.248.71,2018-Feb-08-22-01
www.sociale.life,47.31.248.71,2018-Feb-08-22-01
www.sociale.life,47.31.248.71,2018-Feb-08-22-01
www.sociale.life,47.31.248.71,2018-Feb-08-22-02
www.sociale.life,47.31.248.71,2018-Feb-08-22-02
www.sociale.life,47.31.248.71,2018-Feb-08-22-02
www.sociale.life,47.31.248.71,2018-Feb-08-22-02
www.sociale.life,66.249.82.71,2018-Feb-08-22-04
www.sociale.life,66.249.82.75,2018-Feb-08-22-08
www.sociale.life,66.249.82.71,2018-Feb-08-22-09
www.sociale.life,47.31.248.71,2018-Feb-08-22-01
www.sociale.life,47.31.248.71,2018-Feb-08-22-01
www.sociale.life,47.31.248.71,2018-Feb-08-22-01
www.sociale.life,47.31.248.71,2018-Feb-08-22-02
www.sociale.life,47.31.248.71,2018-Feb-08-22-02
www.sociale.life,47.31.248.71,2018-Feb-08-22-02
www.sociale.life,47.31.248.71,2018-Feb-08-22-02
www.sociale.life,66.249.82.71,2018-Feb-08-22-04
www.sociale.life,66.249.82.75,2018-Feb-08-22-08
www.sociale.life,66.249.82.71,2018-Feb-08-22-09
www.sociale.life,47.31.248.71,2018-Feb-08-22-01
www.sociale.life,47.31.248.71,2018-Feb-08-22-01
www.sociale.life,47.31.248.71,2018-Feb-08-22-01
www.sociale.life,47.31.248.71,2018-Feb-08-22-02
www.sociale.life,47.31.248.71,2018-Feb-08-22-02
www.sociale.life,47.31.248.71,2018-Feb-08-22-02
www.sociale.life,47.31.248.71,2018-Feb-08-22-02
www.sociale.life,66.249.82.71,2018-Feb-08-22-04
www.sociale.life,66.249.82.75,2018-Feb-08-22-08
www.sociale.life,66.249.82.71,2018-Feb-08-22-09
www.sociale.life,47.31.248.71,2018-Feb-08-22-01
www.sociale.life,47.31.248.71,2018-Feb-08-22-01
www.sociale.life,47.31.248.71,2018-Feb-08-22-01
www.sociale.life,47.31.248.71,2018-Feb-08-22-02
www.sociale.life,47.31.248.71,2018-Feb-08-22-02
www.sociale.life,47.31.248.71,2018-Feb-08-22-02
www.sociale.life,47.31.248.71,2018-Feb-08-22-02
www.sociale.life,66.249.82.71,2018-Feb-08-22-04
www.sociale.life,66.249.82.75,2018-Feb-08-22-08
www.sociale.life,66.249.82.71,2018-Feb-08-22-09
www.sociale.life,47.31.248.71,2018-Feb-08-22-01
www.sociale.life,47.31.248.71,2018-Feb-08-22-01
www.sociale.life,47.31.248.71,2018-Feb-08-22-01
www.sociale.life,47.31.248.71,2018-Feb-08-22-02
www.sociale.life,47.31.248.71,2018-Feb-08-22-02
www.sociale.life,47.31.248.71,2018-Feb-08-22-02
www.sociale.life,47.31.248.71,2018-Feb-08-22-02
www.sociale.life,66.249.82.71,2018-Feb-08-22-04
www.sociale.life,66.249.82.75,2018-Feb-08-22-08
www.sociale.life,66.249.82.71,2018-Feb-08-22-09
www.sociale.life,64.233.173.25,2018-Feb-09-00-11
www.sociale.life,64.233.173.25,2018-Feb-09-00-12
www.sociale.life,64.233.173.25,2018-Feb-09-00-12
www.sociale.life,64.233.173.23,2018-Feb-09-00-12
www.sociale.life,64.233.173.25,2018-Feb-09-00-12
www.sociale.life,64.233.173.24,2018-Feb-09-00-12
www.sociale.life,47.31.248.71,2018-Feb-08-22-01
www.sociale.life,47.31.248.71,2018-Feb-08-22-01
www.sociale.life,47.31.248.71,2018-Feb-08-22-01
www.sociale.life,47.31.248.71,2018-Feb-08-22-02
www.sociale.life,47.31.248.71,2018-Feb-08-22-02
www.sociale.life,47.31.248.71,2018-Feb-08-22-02
www.sociale.life,47.31.248.71,2018-Feb-08-22-02
www.sociale.life,66.249.82.71,2018-Feb-08-22-04
www.sociale.life,66.249.82.75,2018-Feb-08-22-08
www.sociale.life,66.249.82.71,2018-Feb-08-22-09
www.sociale.life,64.233.173.25,2018-Feb-09-00-12
www.sociale.life,64.233.173.25,2018-Feb-09-00-12
www.sociale.life,64.233.173.23,2018-Feb-09-00-12
www.sociale.life,64.233.173.25,2018-Feb-09-00-12
www.sociale.life,64.233.173.24,2018-Feb-09-00-12
www.sociale.life,64.233.173.25,2018-Feb-09-00-13
www.sociale.life,47.31.248.71,2018-Feb-08-22-01
www.sociale.life,47.31.248.71,2018-Feb-08-22-01
www.sociale.life,47.31.248.71,2018-Feb-08-22-01
www.sociale.life,47.31.248.71,2018-Feb-08-22-02
www.sociale.life,47.31.248.71,2018-Feb-08-22-02
www.sociale.life,47.31.248.71,2018-Feb-08-22-02
www.sociale.life,47.31.248.71,2018-Feb-08-22-02
www.sociale.life,66.249.82.71,2018-Feb-08-22-04
www.sociale.life,66.249.82.75,2018-Feb-08-22-08
www.sociale.life,66.249.82.71,2018-Feb-08-22-09
www.sociale.life,64.233.173.25,2018-Feb-09-00-12
www.sociale.life,64.233.173.25,2018-Feb-09-00-12
www.sociale.life,64.233.173.23,2018-Feb-09-00-12
www.sociale.life,64.233.173.25,2018-Feb-09-00-12
www.sociale.life,64.233.173.24,2018-Feb-09-00-12
www.sociale.life,64.233.173.25,2018-Feb-09-00-13
www.sociale.life,47.31.248.71,2018-Feb-08-22-01
www.sociale.life,47.31.248.71,2018-Feb-08-22-01
www.sociale.life,47.31.248.71,2018-Feb-08-22-01
www.sociale.life,47.31.248.71,2018-Feb-08-22-02
www.sociale.life,47.31.248.71,2018-Feb-08-22-02
www.sociale.life,47.31.248.71,2018-Feb-08-22-02
www.sociale.life,47.31.248.71,2018-Feb-08-22-02
www.sociale.life,66.249.82.71,2018-Feb-08-22-04
www.sociale.life,66.249.82.75,2018-Feb-08-22-08
www.sociale.life,66.249.82.71,2018-Feb-08-22-09
www.sociale.life,64.233.173.25,2018-Feb-09-00-12
www.sociale.life,64.233.173.25,2018-Feb-09-00-12
www.sociale.life,64.233.173.23,2018-Feb-09-00-12
www.sociale.life,64.233.173.25,2018-Feb-09-00-12
www.sociale.life,64.233.173.24,2018-Feb-09-00-12
www.sociale.life,64.233.173.25,2018-Feb-09-00-13
www.sociale.life,47.31.248.71,2018-Feb-08-22-01
www.sociale.life,47.31.248.71,2018-Feb-08-22-01
www.sociale.life,47.31.248.71,2018-Feb-08-22-01
www.sociale.life,47.31.248.71,2018-Feb-08-22-02
www.sociale.life,47.31.248.71,2018-Feb-08-22-02
www.sociale.life,47.31.248.71,2018-Feb-08-22-02
www.sociale.life,47.31.248.71,2018-Feb-08-22-02
www.sociale.life,66.249.82.71,2018-Feb-08-22-04
www.sociale.life,66.249.82.75,2018-Feb-08-22-08
www.sociale.life,66.249.82.71,2018-Feb-08-22-09
www.sociale.life,64.233.173.25,2018-Feb-09-00-12
www.sociale.life,64.233.173.25,2018-Feb-09-00-12
www.sociale.life,64.233.173.23,2018-Feb-09-00-12
www.sociale.life,64.233.173.25,2018-Feb-09-00-12
www.sociale.life,64.233.173.24,2018-Feb-09-00-12
www.sociale.life,64.233.173.25,2018-Feb-09-00-13
www.sociale.life,47.31.248.71,2018-Feb-08-22-01
www.sociale.life,47.31.248.71,2018-Feb-08-22-01
www.sociale.life,47.31.248.71,2018-Feb-08-22-01
www.sociale.life,47.31.248.71,2018-Feb-08-22-02
www.sociale.life,47.31.248.71,2018-Feb-08-22-02
www.sociale.life,47.31.248.71,2018-Feb-08-22-02
www.sociale.life,47.31.248.71,2018-Feb-08-22-02
www.sociale.life,66.249.82.71,2018-Feb-08-22-04
www.sociale.life,66.249.82.75,2018-Feb-08-22-08
www.sociale.life,66.249.82.71,2018-Feb-08-22-09
www.sociale.life,64.233.173.25,2018-Feb-09-00-12
www.sociale.life,64.233.173.25,2018-Feb-09-00-12
www.sociale.life,64.233.173.23,2018-Feb-09-00-12
www.sociale.life,64.233.173.25,2018-Feb-09-00-12
www.sociale.life,64.233.173.24,2018-Feb-09-00-12
www.sociale.life,64.233.173.25,2018-Feb-09-00-13
www.sociale.life,47.31.248.71,2018-Feb-08-22-01
www.sociale.life,47.31.248.71,2018-Feb-08-22-01
www.sociale.life,47.31.248.71,2018-Feb-08-22-01
www.sociale.life,47.31.248.71,2018-Feb-08-22-02
www.sociale.life,47.31.248.71,2018-Feb-08-22-02
www.sociale.life,47.31.248.71,2018-Feb-08-22-02
www.sociale.life,47.31.248.71,2018-Feb-08-22-02
www.sociale.life,66.249.82.71,2018-Feb-08-22-04
www.sociale.life,66.249.82.75,2018-Feb-08-22-08
www.sociale.life,66.249.82.71,2018-Feb-08-22-09
www.sociale.life,64.233.173.25,2018-Feb-09-00-12
www.sociale.life,64.233.173.25,2018-Feb-09-00-12
www.sociale.life,64.233.173.23,2018-Feb-09-00-12
www.sociale.life,64.233.173.25,2018-Feb-09-00-12
www.sociale.life,64.233.173.24,2018-Feb-09-00-12
www.sociale.life,64.233.173.25,2018-Feb-09-00-13
www.sociale.life,47.31.248.71,2018-Feb-08-22-01
www.sociale.life,47.31.248.71,2018-Feb-08-22-01
www.sociale.life,47.31.248.71,2018-Feb-08-22-01
www.sociale.life,47.31.248.71,2018-Feb-08-22-02
www.sociale.life,47.31.248.71,2018-Feb-08-22-02
www.sociale.life,47.31.248.71,2018-Feb-08-22-02
www.sociale.life,47.31.248.71,2018-Feb-08-22-02
www.sociale.life,66.249.82.71,2018-Feb-08-22-04
www.sociale.life,66.249.82.75,2018-Feb-08-22-08
www.sociale.life,66.249.82.71,2018-Feb-08-22-09
www.sociale.life,64.233.173.25,2018-Feb-09-00-12
www.sociale.life,64.233.173.25,2018-Feb-09-00-12
www.sociale.life,64.233.173.23,2018-Feb-09-00-12
www.sociale.life,64.233.173.25,2018-Feb-09-00-12
www.sociale.life,64.233.173.24,2018-Feb-09-00-12
www.sociale.life,64.233.173.25,2018-Feb-09-00-13
www.sociale.life,47.31.248.71,2018-Feb-08-22-01
www.sociale.life,47.31.248.71,2018-Feb-08-22-01
www.sociale.life,47.31.248.71,2018-Feb-08-22-01
www.sociale.life,47.31.248.71,2018-Feb-08-22-02
www.sociale.life,47.31.248.71,2018-Feb-08-22-02
www.sociale.life,47.31.248.71,2018-Feb-08-22-02
www.sociale.life,47.31.248.71,2018-Feb-08-22-02
www.sociale.life,66.249.82.71,2018-Feb-08-22-04
www.sociale.life,66.249.82.75,2018-Feb-08-22-08
www.sociale.life,66.249.82.71,2018-Feb-08-22-09
www.sociale.life,64.233.173.25,2018-Feb-09-00-12
www.sociale.life,64.233.173.25,2018-Feb-09-00-12
www.sociale.life,64.233.173.23,2018-Feb-09-00-12
www.sociale.life,64.233.173.25,2018-Feb-09-00-12
www.sociale.life,64.233.173.24,2018-Feb-09-00-12
www.sociale.life,64.233.173.25,2018-Feb-09-00-13
www.sociale.life,47.31.248.71,2018-Feb-08-22-01
www.sociale.life,47.31.248.71,2018-Feb-08-22-01
www.sociale.life,47.31.248.71,2018-Feb-08-22-01
www.sociale.life,47.31.248.71,2018-Feb-08-22-02
www.sociale.life,47.31.248.71,2018-Feb-08-22-02
www.sociale.life,47.31.248.71,2018-Feb-08-22-02
www.sociale.life,47.31.248.71,2018-Feb-08-22-02
www.sociale.life,66.249.82.71,2018-Feb-08-22-04
www.sociale.life,66.249.82.75,2018-Feb-08-22-08
www.sociale.life,66.249.82.71,2018-Feb-08-22-09
www.sociale.life,64.233.173.25,2018-Feb-09-00-12
www.sociale.life,64.233.173.25,2018-Feb-09-00-12
www.sociale.life,64.233.173.23,2018-Feb-09-00-12
www.sociale.life,64.233.173.25,2018-Feb-09-00-12
www.sociale.life,64.233.173.24,2018-Feb-09-00-12
www.sociale.life,64.233.173.25,2018-Feb-09-00-13
www.sociale.life,47.31.248.71,2018-Feb-08-22-01
www.sociale.life,47.31.248.71,2018-Feb-08-22-01
www.sociale.life,47.31.248.71,2018-Feb-08-22-01
www.sociale.life,47.31.248.71,2018-Feb-08-22-02
www.sociale.life,47.31.248.71,2018-Feb-08-22-02
www.sociale.life,47.31.248.71,2018-Feb-08-22-02
www.sociale.life,47.31.248.71,2018-Feb-08-22-02
www.sociale.life,66.249.82.71,2018-Feb-08-22-04
www.sociale.life,66.249.82.75,2018-Feb-08-22-08
www.sociale.life,66.249.82.71,2018-Feb-08-22-09
www.sociale.life,64.233.173.25,2018-Feb-09-00-12
www.sociale.life,64.233.173.25,2018-Feb-09-00-12
www.sociale.life,64.233.173.23,2018-Feb-09-00-12
www.sociale.life,64.233.173.25,2018-Feb-09-00-12
www.sociale.life,64.233.173.24,2018-Feb-09-00-12
www.sociale.life,64.233.173.25,2018-Feb-09-00-13
www.sociale.life,47.31.248.71,2018-Feb-08-22-01
www.sociale.life,47.31.248.71,2018-Feb-08-22-01
www.sociale.life,47.31.248.71,2018-Feb-08-22-01
www.sociale.life,47.31.248.71,2018-Feb-08-22-02
www.sociale.life,47.31.248.71,2018-Feb-08-22-02
www.sociale.life,47.31.248.71,2018-Feb-08-22-02
www.sociale.life,47.31.248.71,2018-Feb-08-22-02
www.sociale.life,66.249.82.71,2018-Feb-08-22-04
www.sociale.life,66.249.82.75,2018-Feb-08-22-08
www.sociale.life,66.249.82.71,2018-Feb-08-22-09
www.sociale.life,64.233.173.25,2018-Feb-09-00-12
www.sociale.life,64.233.173.25,2018-Feb-09-00-12
www.sociale.life,64.233.173.23,2018-Feb-09-00-12
www.sociale.life,64.233.173.25,2018-Feb-09-00-12
www.sociale.life,64.233.173.24,2018-Feb-09-00-12
www.sociale.life,64.233.173.25,2018-Feb-09-00-13
www.sociale.life,47.31.248.71,2018-Feb-08-22-01
www.sociale.life,47.31.248.71,2018-Feb-08-22-01
www.sociale.life,47.31.248.71,2018-Feb-08-22-01
www.sociale.life,47.31.248.71,2018-Feb-08-22-02
www.sociale.life,47.31.248.71,2018-Feb-08-22-02
www.sociale.life,47.31.248.71,2018-Feb-08-22-02
www.sociale.life,47.31.248.71,2018-Feb-08-22-02
www.sociale.life,66.249.82.71,2018-Feb-08-22-04
www.sociale.life,66.249.82.75,2018-Feb-08-22-08
www.sociale.life,66.249.82.71,2018-Feb-08-22-09
www.sociale.life,64.233.173.25,2018-Feb-09-00-12
www.sociale.life,64.233.173.25,2018-Feb-09-00-12
www.sociale.life,64.233.173.23,2018-Feb-09-00-12
www.sociale.life,64.233.173.25,2018-Feb-09-00-12
www.sociale.life,64.233.173.24,2018-Feb-09-00-12
www.sociale.life,64.233.173.25,2018-Feb-09-00-13
www.sociale.life,47.31.248.71,2018-Feb-08-22-01
www.sociale.life,47.31.248.71,2018-Feb-08-22-01
www.sociale.life,47.31.248.71,2018-Feb-08-22-01
www.sociale.life,47.31.248.71,2018-Feb-08-22-02
www.sociale.life,47.31.248.71,2018-Feb-08-22-02
www.sociale.life,47.31.248.71,2018-Feb-08-22-02
www.sociale.life,47.31.248.71,2018-Feb-08-22-02
www.sociale.life,66.249.82.71,2018-Feb-08-22-04
www.sociale.life,66.249.82.75,2018-Feb-08-22-08
www.sociale.life,66.249.82.71,2018-Feb-08-22-09
www.sociale.life,64.233.173.25,2018-Feb-09-00-12
www.sociale.life,64.233.173.25,2018-Feb-09-00-12
www.sociale.life,64.233.173.23,2018-Feb-09-00-12
www.sociale.life,64.233.173.25,2018-Feb-09-00-12
www.sociale.life,64.233.173.24,2018-Feb-09-00-12
www.sociale.life,64.233.173.25,2018-Feb-09-00-13
www.sociale.life,47.31.248.71,2018-Feb-08-22-01
www.sociale.life,47.31.248.71,2018-Feb-08-22-01
www.sociale.life,47.31.248.71,2018-Feb-08-22-01
www.sociale.life,47.31.248.71,2018-Feb-08-22-02
www.sociale.life,47.31.248.71,2018-Feb-08-22-02
www.sociale.life,47.31.248.71,2018-Feb-08-22-02
www.sociale.life,47.31.248.71,2018-Feb-08-22-02
www.sociale.life,66.249.82.71,2018-Feb-08-22-04
www.sociale.life,66.249.82.75,2018-Feb-08-22-08
www.sociale.life,66.249.82.71,2018-Feb-08-22-09
www.sociale.life,64.233.173.25,2018-Feb-09-00-12
www.sociale.life,64.233.173.25,2018-Feb-09-00-12
www.sociale.life,64.233.173.23,2018-Feb-09-00-12
www.sociale.life,64.233.173.25,2018-Feb-09-00-12
www.sociale.life,64.233.173.24,2018-Feb-09-00-12
www.sociale.life,64.233.173.25,2018-Feb-09-00-13
www.sociale.life,47.31.248.71,2018-Feb-08-22-01
www.sociale.life,47.31.248.71,2018-Feb-08-22-01
www.sociale.life,47.31.248.71,2018-Feb-08-22-01
www.sociale.life,47.31.248.71,2018-Feb-08-22-02
www.sociale.life,47.31.248.71,2018-Feb-08-22-02
www.sociale.life,47.31.248.71,2018-Feb-08-22-02
www.sociale.life,47.31.248.71,2018-Feb-08-22-02
www.sociale.life,66.249.82.71,2018-Feb-08-22-04
www.sociale.life,66.249.82.75,2018-Feb-08-22-08
www.sociale.life,66.249.82.71,2018-Feb-08-22-09
www.sociale.life,64.233.173.25,2018-Feb-09-00-12
www.sociale.life,64.233.173.25,2018-Feb-09-00-12
www.sociale.life,64.233.173.23,2018-Feb-09-00-12
www.sociale.life,64.233.173.25,2018-Feb-09-00-12
www.sociale.life,64.233.173.24,2018-Feb-09-00-12
www.sociale.life,64.233.173.25,2018-Feb-09-00-13
www.sociale.life,47.31.248.71,2018-Feb-08-22-01
www.sociale.life,47.31.248.71,2018-Feb-08-22-01
www.sociale.life,47.31.248.71,2018-Feb-08-22-01
www.sociale.life,47.31.248.71,2018-Feb-08-22-02
www.sociale.life,47.31.248.71,2018-Feb-08-22-02
www.sociale.life,47.31.248.71,2018-Feb-08-22-02
www.sociale.life,47.31.248.71,2018-Feb-08-22-02
www.sociale.life,66.249.82.71,2018-Feb-08-22-04
www.sociale.life,66.249.82.75,2018-Feb-08-22-08
www.sociale.life,66.249.82.71,2018-Feb-08-22-09
www.sociale.life,64.233.173.25,2018-Feb-09-00-12
www.sociale.life,64.233.173.25,2018-Feb-09-00-12
www.sociale.life,64.233.173.23,2018-Feb-09-00-12
www.sociale.life,64.233.173.25,2018-Feb-09-00-12
www.sociale.life,64.233.173.24,2018-Feb-09-00-12
www.sociale.life,64.233.173.25,2018-Feb-09-00-13
www.sociale.life,47.31.248.71,2018-Feb-08-22-01
www.sociale.life,47.31.248.71,2018-Feb-08-22-01
www.sociale.life,47.31.248.71,2018-Feb-08-22-01
www.sociale.life,47.31.248.71,2018-Feb-08-22-02
www.sociale.life,47.31.248.71,2018-Feb-08-22-02
www.sociale.life,47.31.248.71,2018-Feb-08-22-02
www.sociale.life,47.31.248.71,2018-Feb-08-22-02
www.sociale.life,66.249.82.71,2018-Feb-08-22-04
www.sociale.life,66.249.82.75,2018-Feb-08-22-08
www.sociale.life,66.249.82.71,2018-Feb-08-22-09
www.sociale.life,64.233.173.25,2018-Feb-09-00-12
www.sociale.life,64.233.173.25,2018-Feb-09-00-12
www.sociale.life,64.233.173.23,2018-Feb-09-00-12
www.sociale.life,64.233.173.25,2018-Feb-09-00-12
www.sociale.life,64.233.173.24,2018-Feb-09-00-12
www.sociale.life,64.233.173.25,2018-Feb-09-00-13
www.sociale.life,47.31.248.71,2018-Feb-08-22-01
www.sociale.life,47.31.248.71,2018-Feb-08-22-01
www.sociale.life,47.31.248.71,2018-Feb-08-22-01
www.sociale.life,47.31.248.71,2018-Feb-08-22-02
www.sociale.life,47.31.248.71,2018-Feb-08-22-02
www.sociale.life,47.31.248.71,2018-Feb-08-22-02
www.sociale.life,47.31.248.71,2018-Feb-08-22-02
www.sociale.life,66.249.82.71,2018-Feb-08-22-04
www.sociale.life,66.249.82.75,2018-Feb-08-22-08
www.sociale.life,66.249.82.71,2018-Feb-08-22-09
www.sociale.life,64.233.173.25,2018-Feb-09-00-12
www.sociale.life,64.233.173.25,2018-Feb-09-00-12
www.sociale.life,64.233.173.23,2018-Feb-09-00-12
www.sociale.life,64.233.173.25,2018-Feb-09-00-12
www.sociale.life,64.233.173.24,2018-Feb-09-00-12
www.sociale.life,64.233.173.25,2018-Feb-09-00-13
www.sociale.life,47.31.217.44,2018-Feb-09-00-48
www.sociale.life,47.31.248.71,2018-Feb-08-22-01
www.sociale.life,47.31.248.71,2018-Feb-08-22-01
www.sociale.life,47.31.248.71,2018-Feb-08-22-01
www.sociale.life,47.31.248.71,2018-Feb-08-22-02
www.sociale.life,47.31.248.71,2018-Feb-08-22-02
www.sociale.life,47.31.248.71,2018-Feb-08-22-02
www.sociale.life,47.31.248.71,2018-Feb-08-22-02
www.sociale.life,66.249.82.71,2018-Feb-08-22-04
www.sociale.life,66.249.82.75,2018-Feb-08-22-08
www.sociale.life,66.249.82.71,2018-Feb-08-22-09
www.sociale.life,64.233.173.25,2018-Feb-09-00-12
www.sociale.life,64.233.173.25,2018-Feb-09-00-12
www.sociale.life,64.233.173.23,2018-Feb-09-00-12
www.sociale.life,64.233.173.25,2018-Feb-09-00-12
www.sociale.life,64.233.173.24,2018-Feb-09-00-12
www.sociale.life,64.233.173.25,2018-Feb-09-00-13
www.sociale.life,47.31.217.44,2018-Feb-09-00-48
www.sociale.life,47.31.217.44,2018-Feb-09-00-49
www.sociale.life,47.31.248.71,2018-Feb-08-22-01
www.sociale.life,47.31.248.71,2018-Feb-08-22-01
www.sociale.life,47.31.248.71,2018-Feb-08-22-01
www.sociale.life,47.31.248.71,2018-Feb-08-22-02
www.sociale.life,47.31.248.71,2018-Feb-08-22-02
www.sociale.life,47.31.248.71,2018-Feb-08-22-02
www.sociale.life,47.31.248.71,2018-Feb-08-22-02
www.sociale.life,66.249.82.71,2018-Feb-08-22-04
www.sociale.life,66.249.82.75,2018-Feb-08-22-08
www.sociale.life,66.249.82.71,2018-Feb-08-22-09
www.sociale.life,64.233.173.25,2018-Feb-09-00-12
www.sociale.life,64.233.173.25,2018-Feb-09-00-12
www.sociale.life,64.233.173.23,2018-Feb-09-00-12
www.sociale.life,64.233.173.25,2018-Feb-09-00-12
www.sociale.life,64.233.173.24,2018-Feb-09-00-12
www.sociale.life,64.233.173.25,2018-Feb-09-00-13
www.sociale.life,47.31.217.44,2018-Feb-09-00-48
www.sociale.life,47.31.217.44,2018-Feb-09-00-49
www.sociale.life,47.31.217.44,2018-Feb-09-00-51
www.sociale.life,47.31.217.44,2018-Feb-09-00-51
www.sociale.life,47.31.217.44,2018-Feb-09-00-51
www.sociale.life,47.31.217.44,2018-Feb-09-00-51
www.sociale.life,47.31.248.71,2018-Feb-08-22-01
www.sociale.life,47.31.248.71,2018-Feb-08-22-01
www.sociale.life,47.31.248.71,2018-Feb-08-22-01
www.sociale.life,47.31.248.71,2018-Feb-08-22-02
www.sociale.life,47.31.248.71,2018-Feb-08-22-02
www.sociale.life,47.31.248.71,2018-Feb-08-22-02
www.sociale.life,47.31.248.71,2018-Feb-08-22-02
www.sociale.life,66.249.82.71,2018-Feb-08-22-04
www.sociale.life,66.249.82.75,2018-Feb-08-22-08
www.sociale.life,66.249.82.71,2018-Feb-08-22-09
www.sociale.life,64.233.173.25,2018-Feb-09-00-12
www.sociale.life,64.233.173.25,2018-Feb-09-00-12
www.sociale.life,64.233.173.23,2018-Feb-09-00-12
www.sociale.life,64.233.173.25,2018-Feb-09-00-12
www.sociale.life,64.233.173.24,2018-Feb-09-00-12
www.sociale.life,64.233.173.25,2018-Feb-09-00-13
www.sociale.life,47.31.217.44,2018-Feb-09-00-48
www.sociale.life,47.31.217.44,2018-Feb-09-00-49
www.sociale.life,47.31.217.44,2018-Feb-09-00-51
www.sociale.life,47.31.217.44,2018-Feb-09-00-51
www.sociale.life,47.31.217.44,2018-Feb-09-00-51
www.sociale.life,47.31.217.44,2018-Feb-09-00-51
www.sociale.life,47.31.248.71,2018-Feb-08-22-01
www.sociale.life,47.31.248.71,2018-Feb-08-22-01
www.sociale.life,47.31.248.71,2018-Feb-08-22-01
www.sociale.life,47.31.248.71,2018-Feb-08-22-02
www.sociale.life,47.31.248.71,2018-Feb-08-22-02
www.sociale.life,47.31.248.71,2018-Feb-08-22-02
www.sociale.life,47.31.248.71,2018-Feb-08-22-02
www.sociale.life,66.249.82.71,2018-Feb-08-22-04
www.sociale.life,66.249.82.75,2018-Feb-08-22-08
www.sociale.life,66.249.82.71,2018-Feb-08-22-09
www.sociale.life,64.233.173.25,2018-Feb-09-00-12
www.sociale.life,64.233.173.25,2018-Feb-09-00-12
www.sociale.life,64.233.173.23,2018-Feb-09-00-12
www.sociale.life,64.233.173.25,2018-Feb-09-00-12
www.sociale.life,64.233.173.24,2018-Feb-09-00-12
www.sociale.life,64.233.173.25,2018-Feb-09-00-13
www.sociale.life,47.31.217.44,2018-Feb-09-00-48
www.sociale.life,47.31.217.44,2018-Feb-09-00-49
www.sociale.life,47.31.217.44,2018-Feb-09-00-51
www.sociale.life,47.31.217.44,2018-Feb-09-00-51
www.sociale.life,47.31.217.44,2018-Feb-09-00-51
www.sociale.life,47.31.217.44,2018-Feb-09-00-51
www.sociale.life,47.31.248.71,2018-Feb-08-22-01
www.sociale.life,47.31.248.71,2018-Feb-08-22-01
www.sociale.life,47.31.248.71,2018-Feb-08-22-01
www.sociale.life,47.31.248.71,2018-Feb-08-22-02
www.sociale.life,47.31.248.71,2018-Feb-08-22-02
www.sociale.life,47.31.248.71,2018-Feb-08-22-02
www.sociale.life,47.31.248.71,2018-Feb-08-22-02
www.sociale.life,66.249.82.71,2018-Feb-08-22-04
www.sociale.life,66.249.82.75,2018-Feb-08-22-08
www.sociale.life,66.249.82.71,2018-Feb-08-22-09
www.sociale.life,64.233.173.25,2018-Feb-09-00-12
www.sociale.life,64.233.173.25,2018-Feb-09-00-12
www.sociale.life,64.233.173.23,2018-Feb-09-00-12
www.sociale.life,64.233.173.25,2018-Feb-09-00-12
www.sociale.life,64.233.173.24,2018-Feb-09-00-12
www.sociale.life,64.233.173.25,2018-Feb-09-00-13
www.sociale.life,47.31.217.44,2018-Feb-09-00-48
www.sociale.life,47.31.217.44,2018-Feb-09-00-49
www.sociale.life,47.31.217.44,2018-Feb-09-00-51
www.sociale.life,47.31.217.44,2018-Feb-09-00-51
www.sociale.life,47.31.217.44,2018-Feb-09-00-51
www.sociale.life,47.31.217.44,2018-Feb-09-00-51
www.sociale.life,47.31.248.71,2018-Feb-08-22-01
www.sociale.life,47.31.248.71,2018-Feb-08-22-01
www.sociale.life,47.31.248.71,2018-Feb-08-22-01
www.sociale.life,47.31.248.71,2018-Feb-08-22-02
www.sociale.life,47.31.248.71,2018-Feb-08-22-02
www.sociale.life,47.31.248.71,2018-Feb-08-22-02
www.sociale.life,47.31.248.71,2018-Feb-08-22-02
www.sociale.life,66.249.82.71,2018-Feb-08-22-04
www.sociale.life,66.249.82.75,2018-Feb-08-22-08
www.sociale.life,66.249.82.71,2018-Feb-08-22-09
www.sociale.life,64.233.173.25,2018-Feb-09-00-12
www.sociale.life,64.233.173.25,2018-Feb-09-00-12
www.sociale.life,64.233.173.23,2018-Feb-09-00-12
www.sociale.life,64.233.173.25,2018-Feb-09-00-12
www.sociale.life,64.233.173.24,2018-Feb-09-00-12
www.sociale.life,64.233.173.25,2018-Feb-09-00-13
www.sociale.life,47.31.217.44,2018-Feb-09-00-48
www.sociale.life,47.31.217.44,2018-Feb-09-00-49
www.sociale.life,47.31.217.44,2018-Feb-09-00-51
www.sociale.life,47.31.217.44,2018-Feb-09-00-51
www.sociale.life,47.31.217.44,2018-Feb-09-00-51
www.sociale.life,47.31.217.44,2018-Feb-09-00-51
www.sociale.life,47.31.248.71,2018-Feb-08-22-01
www.sociale.life,47.31.248.71,2018-Feb-08-22-01
www.sociale.life,47.31.248.71,2018-Feb-08-22-01
www.sociale.life,47.31.248.71,2018-Feb-08-22-02
www.sociale.life,47.31.248.71,2018-Feb-08-22-02
www.sociale.life,47.31.248.71,2018-Feb-08-22-02
www.sociale.life,47.31.248.71,2018-Feb-08-22-02
www.sociale.life,66.249.82.71,2018-Feb-08-22-04
www.sociale.life,66.249.82.75,2018-Feb-08-22-08
www.sociale.life,66.249.82.71,2018-Feb-08-22-09
www.sociale.life,64.233.173.25,2018-Feb-09-00-12
www.sociale.life,64.233.173.25,2018-Feb-09-00-12
www.sociale.life,64.233.173.23,2018-Feb-09-00-12
www.sociale.life,64.233.173.25,2018-Feb-09-00-12
www.sociale.life,64.233.173.24,2018-Feb-09-00-12
www.sociale.life,64.233.173.25,2018-Feb-09-00-13
www.sociale.life,47.31.217.44,2018-Feb-09-00-48
www.sociale.life,47.31.217.44,2018-Feb-09-00-49
www.sociale.life,47.31.217.44,2018-Feb-09-00-51
www.sociale.life,47.31.217.44,2018-Feb-09-00-51
www.sociale.life,47.31.217.44,2018-Feb-09-00-51
www.sociale.life,47.31.217.44,2018-Feb-09-00-51
www.sociale.life,47.31.248.71,2018-Feb-08-22-01
www.sociale.life,47.31.248.71,2018-Feb-08-22-01
www.sociale.life,47.31.248.71,2018-Feb-08-22-01
www.sociale.life,47.31.248.71,2018-Feb-08-22-02
www.sociale.life,47.31.248.71,2018-Feb-08-22-02
www.sociale.life,47.31.248.71,2018-Feb-08-22-02
www.sociale.life,47.31.248.71,2018-Feb-08-22-02
www.sociale.life,66.249.82.71,2018-Feb-08-22-04
www.sociale.life,66.249.82.75,2018-Feb-08-22-08
www.sociale.life,66.249.82.71,2018-Feb-08-22-09
www.sociale.life,64.233.173.25,2018-Feb-09-00-12
www.sociale.life,64.233.173.25,2018-Feb-09-00-12
www.sociale.life,64.233.173.23,2018-Feb-09-00-12
www.sociale.life,64.233.173.25,2018-Feb-09-00-12
www.sociale.life,64.233.173.24,2018-Feb-09-00-12
www.sociale.life,64.233.173.25,2018-Feb-09-00-13
www.sociale.life,47.31.217.44,2018-Feb-09-00-48
www.sociale.life,47.31.217.44,2018-Feb-09-00-49
www.sociale.life,47.31.217.44,2018-Feb-09-00-51
www.sociale.life,47.31.217.44,2018-Feb-09-00-51
www.sociale.life,47.31.217.44,2018-Feb-09-00-51
www.sociale.life,47.31.217.44,2018-Feb-09-00-51
